Moments snacks fruta para perro - 60 Gr.,1.15,https://www.petsonic.com/15756-large_default/snacks-fruta-para-perro.jpg
Moments snack iberico para perro - 60 Gr.,1.15,https://www.petsonic.com/15757-large_default/snack-iberico-para-perro.jpg
Moments snack pavo para perro - 60 Gr.,1.15,https://www.petsonic.com/15758-large_default/snack-pavo-para-perro.jpg
Moments snack queso para perro - 60 Gr.,1.15,https://www.petsonic.com/15759-large_default/snack-queso-para-perro.jpg
Moments snack pescado para perro - 60 Gr.,1.15,https://www.petsonic.com/15760-large_default/snack-pescado-para-perro.jpg
Pet munchies snack naturales filetes de pollo para perro - 100 Gr.,3.42,https://www.petsonic.com/15790-large_default/snack-naturales-filetes-pollo-para-perro.jpg
Pet munchies snacks naturales tiras de pollo para perro - 100 Gr.,3.61,https://www.petsonic.com/15791-large_default/snacks-naturales-tiras-pollo-para-perro.jpg
Pet munchies snack naturales filetes de pato para perro - 80 Gr,3.42,https://www.petsonic.com/15793-large_default/snack-naturales-filetes-pato-para-perro.jpg
Pet munchies snacks naturales tiras de pechuga pato para perro - 80 Gr,3.49,https://www.petsonic.com/15794-large_default/pet-munchies-snacks-naturales-tiras-pechuga-pato-para-perros.jpg
Pet munchies snacks naturales tiras de venado para perro - 70 Gr,3.8,https://www.petsonic.com/15795-large_default/snacks-naturales-tiras-venado-para-perro.jpg
Pet munchies snacks naturales bocaditos de salmón para perro - 90 Gr,3.0,https://www.petsonic.com/15826-large_default/snacks-naturales-bocaditos-salmon-para-perro.jpg
Pet munchies snack naturales filetes de salmón para perro - 90 Gr,3.42,https://www.petsonic.com/15827-large_default/snack-naturales-filetes-salmon-para-perro.jpg
Pet munchies snack naturales salmón skin chews medium para perro - 90 Gr,3.37,https://www.petsonic.com/15828-large_default/snack-naturales-salmon-skin-chews-medium-para-perro.jpg
Pet munchies snack naturales salmón skin chews large para perro - 125 Gr.,3.39,https://www.petsonic.com/15829-large_default/snack-naturales-salmon-skin-chews-large-para-perro.jpg
Trixie caja navidad para perro - 1 Unidad.,8.99,https://www.petsonic.com/13925-large_default/caja-navidad-para-perro.jpg
"Lolo pets galleta mini ""pastel"" frutos del bosque para perro - 40 gr",2.02,https://www.petsonic.com/13499-large_default/lolo-pets-galleta-mini-pastel-frutos-bosque-para-perros.jpg
"Lolo pets galleta mini ""pastel"" chocolate y frutos secos para perro - 40 gr",1.81,https://www.petsonic.com/13835-large_default/galleta-mini-pastel-chocolate-frutos-secos-para-perro.jpg
"Lolo pets galleta ""pastel de cumpleaños"" carne y verduras para perro - 250 Gr.",3.99,https://www.petsonic.com/13481-large_default/galleta-pastel-cumpleanos-carne-verduras-para-perro.jpg
"Lolo pets galleta ""pastel de cumpleaños"" chocolate y frutos secos para perro - 250 Gr.",3.99,https://www.petsonic.com/13482-large_default/lolo-pets-galleta-pastel-cumpleanos-chocolate-frutos-secos-para-perros.jpg
"Lolo pets galleta ""pastel de cumpleaños"" frutos del bosque para perro - 250 Gr.",3.99,https://www.petsonic.com/13483-large_default/galleta-pastel-cumpleanos-frutos-bosque-para-perro.jpg
"Lolo pets galleta ""pastel  love"" carne y verduras para perro - 250 Gr.",3.99,https://www.petsonic.com/13484-large_default/galleta-pastel-love-carne-verduras-para-perro.jpg
"Lolo pets galleta ""pastel  love"" chocolate y frutos secos para perro - 250 Gr.",4.5,https://www.petsonic.com/13718-large_default/galleta-pastel-love-chocolate-frutos-secos-para-perro.jpg
"Lolo pets galleta ""pastel de love"" frutos del bosque para perro - 250 Gr.",3.99,https://www.petsonic.com/13486-large_default/galleta-pastel-love-frutos-bosque-para-perro.jpg
"Lolo pets galleta ""pastel "" carne y verduras para perro - 250 Gr.",3.99,https://www.petsonic.com/13487-large_default/galleta-pastel-carne-verduras-para-perro.jpg
"Lolo pets galleta ""pastel "" chocolate y frutos secos para perro - 250 Gr.",3.99,https://www.petsonic.com/13488-large_default/galleta-pastel-chocolate-frutos-secos-para-perro.jpg
"Lolo pets galleta ""pastel merry christmas"" carne y verdura para perro - 250 Gr.",4.94,https://www.petsonic.com/13626-large_default/galleta-pastel-merry-christmas-carne-verdura-para-perro.jpg
"Lolo pets galleta ""pastel  merry christmas"" chocolate y frutos secos para perro - 250 Gr.",3.99,https://www.petsonic.com/13627-large_default/galleta-pastel-merry-christmas-chocolate-frutos-secos-para-perro.jpg
"Lolo pets galleta ""pastel merry christmas"" frutos del bosque para perro - 250 Gr.",3.99,https://www.petsonic.com/13628-large_default/galleta-pastel-merry-christmas-frutos-bosque-para-perro.jpg
Alpha spirit hueso jamón para perro - 1 Unidad.,0.99,https://www.petsonic.com/13262-large_default/hueso-jamon-amiguitos-para-perro.jpg
Alpha spirit snacks de ternera en monodosis para perro - 1 Unidad.,0.99,https://www.petsonic.com/12023-large_default/alpha-spirit-snacks-ternera-monodosis-para-perros.jpg
Alpha spirit snacks de pollo en monodosis para perro - 1 Unidad.,0.99,https://www.petsonic.com/12024-large_default/snacks-de-pollo-en-monodosis-para-perro.jpg
Alpha spirit snacks de queso en monodosis para perro - 1 Unidad.,0.99,https://www.petsonic.com/12025-large_default/snacks-de-queso-en-monodosis-para-perro.jpg
Alpha spirit snacks de higado en monodosis para perro - 1 Unidad.,0.99,https://www.petsonic.com/12026-large_default/snacks-de-higado-en-monodosis-para-perro.jpg
Alpha spirit snacks de pescado en monodosis para perro - 1 Unidad.,0.99,https://www.petsonic.com/12027-large_default/snacks-de-pescado-en-monodosis-para-perro.jpg
Alpha spirit snacks de pato en monodosis para perro - 1 Unidad.,0.99,https://www.petsonic.com/12028-large_default/snacks-de-pato-en-monodosis-para-perro.jpg
Alpha spirit snacks de cordero en monodosis para perro - 1 Unidad.,0.99,https://www.petsonic.com/12029-large_default/snacks-de-cordero-en-monodosis-para-perro.jpg
Alpha spirit sticks de pollo en monodosis para perro - 16 Unidades,2.99,https://www.petsonic.com/12047-large_default/sticks-de-pollo-en-monodosis-para-perro.jpg
Alpha spirit sticks de ternera en monodosis para perro - 16 Unidades,2.86,https://www.petsonic.com/12046-large_default/sticks-de-ternera-en-monodosis-para-perro.jpg
Alpha spirit sticks de higado en monodosis para perro - 16 Unidades,2.86,https://www.petsonic.com/12049-large_default/sticks-dehigado-en-monodosis-para-perro.jpg
Alpha spirit sticks de pato en monodosis para perro - 16 Unidades,2.25,https://www.petsonic.com/12050-large_default/sticks-de-pato-en-monodosis-para-perro.jpg
Alpha spirit sticks de cordero en monodosis para perro - 16 Unidades,2.86,https://www.petsonic.com/12051-large_default/sticks-de-cordero-en-monodosis-para-perro.jpg
Alpha spirit sticks de queso en monodosis para perro - 16 Unidades,2.99,https://www.petsonic.com/12048-large_default/sticks-de-queso-en-monodosis-para-perro.jpg
Alpha spirit stick de pescado en monodosis para perro - 16 Unidades,2.99,https://www.petsonic.com/13920-large_default/stick-pescado-monodosis-para-perro.jpg
Alpha spirit snacks pescado blanco para perro - 60 Gr.,1.99,https://www.petsonic.com/13857-large_default/snacks-pescado-blanco-para-perro.jpg
Alpha spirit snack tacos de atún para perro - 80 Gr,1.99,https://www.petsonic.com/13859-large_default/snack-tacos-atun-para-perro.jpg
Hobbit alf barritas redonda de ternera para perro - 900 Gr.,8.99,https://www.petsonic.com/15277-large_default/hobbit-alf-barritas-redonda-ternera-para-perros.jpg
Hobbit alf barritas redonda de ternera para perro - 400 Gr.,4.99,https://www.petsonic.com/15277-large_default/hobbit-alf-barritas-redonda-ternera-para-perros.jpg
Hobbit alf barritas redonda de cordero para perro - 900 Gr.,8.99,https://www.petsonic.com/15278-large_default/hobbit-alf-barritas-redonda-cordero-para-perros.jpg
Hobbit alf barritas redonda de cordero para perro - 400 Gr.,5.49,https://www.petsonic.com/15278-large_default/hobbit-alf-barritas-redonda-cordero-para-perros.jpg
Hobbit alf barritas redonda de pollo para perro - 900 Gr.,7.64,https://www.petsonic.com/15281-large_default/hobbit-alf-barritas-redonda-pollo-para-perros.jpg
Hobbit alf barritas redonda de pollo para perro - 400 Gr.,4.99,https://www.petsonic.com/15281-large_default/hobbit-alf-barritas-redonda-pollo-para-perros.jpg
Hobbit alf mini huesitos tiernos mix para perros - 500 Gr.,3.79,https://www.petsonic.com/15886-large_default/hobbit-alf-mini-huesitos-tiernos-mix-para-perros.jpg
Nayeco snack toffy salmón para perro - 250 Gr.,2.99,https://www.petsonic.com/15888-large_default/nayeco-snack-toffy-salmon-para-perros.jpg
Nayeco snack toffy pollo para perro - 75 Gr.,2.99,https://www.petsonic.com/11042-large_default/nayeco-snack-toffy-pollo-para-perros.jpg
Nayeco snack toffy cordero para perro - 75 Gr.,2.99,https://www.petsonic.com/11044-large_default/nayeco-snack-toffy-cordero-para-perros.jpg
Nayeco snack toffy surtido para perro - 250 Gr.,2.99,https://www.petsonic.com/15880-large_default/nayeco-snack-toffy-surtido-para-perros.jpg
Nayeco barrita de cordero - 500 Gr.,4.49,https://www.petsonic.com/15887-large_default/nayeco-barrita-cordero-para-perros.jpg
Delidog barritas de pollo - 800 Gr.,7.99,https://www.petsonic.com/14047-large_default/delidog-barritas-pollo-para-perros.jpg
Delidog barritas de buey - 800 Gr.,7.99,https://www.petsonic.com/14048-large_default/delidog-barritas-buey-para-perros.jpg
Delidog barritas de salmón - 800 Gr.,7.99,https://www.petsonic.com/14049-large_default/delidog-barritas-salmon-para-perros.jpg
Delidog barritas de cordero - 800 Gr.,7.99,https://www.petsonic.com/14050-large_default/delidog-barritas-cordero-para-perros.jpg
Delidog barritas grain free - 800 Gr.,7.99,https://www.petsonic.com/14061-large_default/delidog-barritas-grain-free-para-perros.jpg
Hobbit alf bocaditos tiernos de salmón para perro - 16 Unidades,18.95,https://www.petsonic.com/11081-large_default/hobbit-alf-bocaditos-tiernos-salmon-para-perros.jpg
Hobbit alf bocaditos tiernos de salmón para perro - 1 Unidad.,1.49,https://www.petsonic.com/11081-large_default/hobbit-alf-bocaditos-tiernos-salmon-para-perros.jpg
Hobbit alf estrellas tiernas de salmón y queso para perro - 16 Unidades,18.95,https://www.petsonic.com/11078-large_default/hobbit-alf-estrellas-tiernas-salmon-queso-para-perros.jpg
Hobbit alf estrellas tiernas de salmón y queso para perro - 1 Unidad.,1.42,https://www.petsonic.com/11078-large_default/hobbit-alf-estrellas-tiernas-salmon-queso-para-perros.jpg
Hobbit alf estrellita tiernas de salmón para perro - 16 Unidades,18.95,https://www.petsonic.com/11079-large_default/hobbit-alf-estrellita-tiernas-salmon-para-perros.jpg
Hobbit alf estrellita tiernas de salmón para perro - 1 Unidad.,1.49,https://www.petsonic.com/11079-large_default/hobbit-alf-estrellita-tiernas-salmon-para-perros.jpg
Hobbit alf estrellas tiernas de avestruz para perro - 16 Unidades,18.95,https://www.petsonic.com/11080-large_default/hobbit-alf-estrellas-tiernas-avestruz-para-perros.jpg
Hobbit alf estrellas tiernas de avestruz para perro - 1 Unidad.,1.37,https://www.petsonic.com/11080-large_default/hobbit-alf-estrellas-tiernas-avestruz-para-perros.jpg
Hobbit alf estrellas tiernas de ganso para perro - 16 Unidades,13.9,https://www.petsonic.com/12040-large_default/hobbit-alf-estrellas-tiernas-ganso-para-perros.jpg
Hobbit alf estrellas tiernas de ganso para perro - 1 Unidad.,1.49,https://www.petsonic.com/12040-large_default/hobbit-alf-estrellas-tiernas-ganso-para-perros.jpg
Hobbit alf bocaditos tiernos de carne de caza para perros - 16 Unidades,18.95,https://www.petsonic.com/12041-large_default/hobbit-alf-bocaditos-tiernos-carne-caza-para-perros.jpg
Hobbit alf bocaditos tiernos de carne de caza para perros - 1 Unidad.,1.42,https://www.petsonic.com/12041-large_default/hobbit-alf-bocaditos-tiernos-carne-caza-para-perros.jpg
Hobbit alf fruit mix para perro - 16 Unidades,18.95,https://www.petsonic.com/12039-large_default/hobbit-alf-fruit-mix-para-perro.jpg
Hobbit alf fruit mix para perro - 1 Unidad.,1.79,https://www.petsonic.com/12039-large_default/hobbit-alf-fruit-mix-para-perro.jpg
Hobbit alf snack huesitos tiernos para perros - Cordero,1.89,https://www.petsonic.com/13861-large_default/hobbit-alf-snack-huesitos-tiernos-para-perros.jpg
Hobbit alf snack huesitos tiernos para perros - Pollo,1.89,https://www.petsonic.com/13861-large_default/hobbit-alf-snack-huesitos-tiernos-para-perros.jpg
Hobbit alf palitos tiernos de ternera para perro - 13 Unidades.,2.99,https://www.petsonic.com/5863-large_default/hobbit-alf-palitos-tiernos-ternera-para-perros.jpg
Hobbit alf hueso piel con fluor para perro - 25 cm,5.13,https://www.petsonic.com/14022-large_default/hobbit-alf-hueso-piel-fluor-para-perros.jpg
Hobbit alf hueso piel con fluor para perro - 13 cm,1.89,https://www.petsonic.com/14022-large_default/hobbit-alf-hueso-piel-fluor-para-perros.jpg
Hobbit alf hueso piel sabor barbacoa para perro - 13 cm,1.99,https://www.petsonic.com/14023-large_default/hobbit-alf-hueso-piel-sabor-barbacoa-para-perros.jpg
Hobbit alf hueso de piel sabor chocolate para perro - 13 cm,1.99,https://www.petsonic.com/14024-large_default/hobbit-alf-hueso-piel-sabor-chocolate-para-perros.jpg
Hobbit alf nudillo de ternera calcio para perro - 2 Unidades,0.99,https://www.petsonic.com/14025-large_default/hobbit-alf-nudillo-ternera-calcio-para-perros.jpg
Hobbit alf nudillo de ternera ahumado para perro - 2 Unidades,0.79,https://www.petsonic.com/14026-large_default/hobbit-alf-nudillo-ternera-ahumado-para-perros.jpg
Hobbit alf cañailla de jamón para perro - 2 Unidades,0.99,https://www.petsonic.com/14027-large_default/hobbit-alf-canailla-jamon-para-perros.jpg
Hobbit alf mini hueso piel fluor para perros - 10 Unidades.,6.99,https://www.petsonic.com/14030-large_default/hobbit-alf-mini-hueso-piel-fluor-para-perros.jpg
Hobbit alf hueso calcio con pollo para perro - 100 Gr.,2.49,https://www.petsonic.com/14031-large_default/hobbit-alf-hueso-calcio-pollo-para-perros.jpg
Hobbit alf filetes de pollo y pato para perro - 100 Gr.,2.99,https://www.petsonic.com/14032-large_default/hobbit-alf-filetes-pollo-pato-para-perros.jpg
Hobbit alf huesitos puppy con pollo para perro - 100 Gr.,2.49,https://www.petsonic.com/14034-large_default/hobbit-alf-huesitos-puppy-pollo-para-perros.jpg
Hobbit alf muslitos de pollo y calcio para perro - 100 Gr.,2.49,https://www.petsonic.com/11056-large_default/hobbit-alf-muslitos-pollo-calcio-para-perros.jpg
Hobbit alf snack pescaditos con pollo para perro - 100 Gr.,2.99,https://www.petsonic.com/11137-large_default/hobbit-alf-snack-pescaditos-pollo-para-perros.jpg
Natural horn asta de ciervo para perro - XXL,18.99,https://www.petsonic.com/11248-large_default/natural-horn-asta-ciervo-para-perros.jpg
Natural horn asta de ciervo para perro - XL,16.95,https://www.petsonic.com/11248-large_default/natural-horn-asta-ciervo-para-perros.jpg
Natural horn asta de ciervo para perro - L,11.65,https://www.petsonic.com/11248-large_default/natural-horn-asta-ciervo-para-perros.jpg
Natural horn asta de ciervo para perro - M,6.49,https://www.petsonic.com/11248-large_default/natural-horn-asta-ciervo-para-perros.jpg
Natural horn asta de ciervo para perro - S,4.49,https://www.petsonic.com/11248-large_default/natural-horn-asta-ciervo-para-perros.jpg
Hobbit alf rosco piel fluor para perro - 1 Unidad.,1.99,https://www.petsonic.com/14035-large_default/hobbit-alf-rosco-piel-fluor-para-perros.jpg
Hobbit alf hueso jamón para perro - Talla Unica*,1.39,https://www.petsonic.com/14036-large_default/hobbit-alf-hueso-jamon-para-perros.jpg
Hueso de ternera para perro - 45 cm,4.99,https://www.petsonic.com/12790-large_default/hueso-ternera-para-perro.jpg
Hueso de ternera para perro - 30 cm,4.79,https://www.petsonic.com/12790-large_default/hueso-ternera-para-perro.jpg
Hobbit alf hueso de calcio corto para perro - 1 Unidad.,1.49,https://www.petsonic.com/14037-large_default/hobbit-alf-hueso-calcio-corto-para-perros.jpg
Hobbit alf hueso ternera con calcio - 1 Unidad.,2.99,https://www.petsonic.com/14038-large_default/hobbit-alf-hueso-ternera-calcio-para-perros.jpg
Hobbit alf hueso ternera ahumado para perro - 1 Unidad.,2.84,https://www.petsonic.com/9578-large_default/hobbit-alf-hueso-ternera-ahumado-para-perros.jpg
Wuapu huesos piel prensada para perro - 32 cm,5.69,https://www.petsonic.com/12999-large_default/huesos-piel-prensada-para-perro.jpg
Wuapu huesos piel prensada para perro - 27 cm,4.08,https://www.petsonic.com/12999-large_default/huesos-piel-prensada-para-perro.jpg
Wuapu huesos piel prensada para perro - 21.5 cm,3.69,https://www.petsonic.com/12999-large_default/huesos-piel-prensada-para-perro.jpg
Wuapu huesos piel prensada para perro - 2 x 8 cm,1.18,https://www.petsonic.com/12999-large_default/huesos-piel-prensada-para-perro.jpg
The company of animals huesos marrowbone  nylon rellenos para perro - 23 cm,13.21,https://www.petsonic.com/14039-large_default/the-company-of-animals-huesos-marrowbone-nylon-rellenos-para-perros.jpg
The company of animals huesos marrowbone  nylon rellenos para perro - 19 cm,10.28,https://www.petsonic.com/14039-large_default/the-company-of-animals-huesos-marrowbone-nylon-rellenos-para-perros.jpg
The company of animals huesos marrowbone  nylon rellenos para perro - 13.5 cm,7.2,https://www.petsonic.com/14039-large_default/the-company-of-animals-huesos-marrowbone-nylon-rellenos-para-perros.jpg
The company of animals huesos marrowbone  nylon rellenos para perro - 11.5 cm,4.83,https://www.petsonic.com/14039-large_default/the-company-of-animals-huesos-marrowbone-nylon-rellenos-para-perros.jpg
The company of animals huesos marrowbone  nylon rellenos para perro - 9 cm,3.64,https://www.petsonic.com/14039-large_default/the-company-of-animals-huesos-marrowbone-nylon-rellenos-para-perros.jpg
Tasty bone hueso nylon sabores gourmet para perro - Langostino a la Barbacoa,5.69,https://www.petsonic.com/11954-large_default/tasty-bone-hueso-nylon-sabores-gourmet-para-perros.jpg
Tasty bone hueso nylon sabores gourmet para perro - Salmón,5.69,https://www.petsonic.com/11954-large_default/tasty-bone-hueso-nylon-sabores-gourmet-para-perros.jpg
Tasty bone hueso nylon sabores gourmet para perro - Faisan,5.69,https://www.petsonic.com/11954-large_default/tasty-bone-hueso-nylon-sabores-gourmet-para-perros.jpg
Tasty bone hueso nylon sabores gourmet para perro - Pollo,5.99,https://www.petsonic.com/11954-large_default/tasty-bone-hueso-nylon-sabores-gourmet-para-perros.jpg
Hobbit alf orejas de cerda extra para perro - 25 Unidades,29.25,https://www.petsonic.com/14041-large_default/hobbit-alf-orejas-cerda-extra-para-perros.jpg
Hobbit alf orejas de cerda extra para perro - 5 Unidades.,8.47,https://www.petsonic.com/14041-large_default/hobbit-alf-orejas-cerda-extra-para-perros.jpg
Hobbit alf oreja de cerdo - 1 Unidad.,1.42,https://www.petsonic.com/14042-large_default/hobbit-alf-oreja-cerdo-para-perros.jpg
Hobbit alf oreja de vaca deshidratada para perro - 1 Unidad.,0.99,https://www.petsonic.com/14043-large_default/hobbit-alf-oreja-vaca-deshidratada-para-perros.jpg
Trixie zapato piel masticable para perro (10 unidades) - 12 cm,6.9,https://www.petsonic.com/14044-large_default/trixie-zapato-piel-masticable-10-unidades-para-perros.jpg
Hobbit alf tendón de cuero para perro - 1 Kg.,12.99,https://www.petsonic.com/14029-large_default/hobbit-alf-tendon-cuero-para-perros.jpg
Hobbit alf tendón de cuero para perro - 100 Gr.,2.99,https://www.petsonic.com/14029-large_default/hobbit-alf-tendon-cuero-para-perros.jpg
Hobbit alf pezuña de ternera rellena para perro - 1 Unidad.,1.49,https://www.petsonic.com/8214-large_default/hobbit-alf-pezuna-ternera-rellena-para-perros.jpg
Hobbit alf nervio de cerdo trenzado para perro - 20 cm,1.99,https://www.petsonic.com/14033-large_default/nervio-cerdo-trenzado-para-perro.jpg
Hobbit alf nervio de toro 15 cm para perro - 40 Unidades.,64.99,https://www.petsonic.com/14045-large_default/hobbit-alf-nervio-toro-15-cm-para-perros.jpg
Hobbit alf nervio de toro 15 cm para perro - 10 Unidades.,16.75,https://www.petsonic.com/14045-large_default/hobbit-alf-nervio-toro-15-cm-para-perros.jpg
Hobbit alf puntas de nervio de toro - 500 Gr.,9.99,https://www.petsonic.com/15881-large_default/hobbit-alf-puntas-nervio-toro-para-perros.jpg
Hobbit alf nervio de toro 20cm para perros - 7 Unidades.,15.94,https://www.petsonic.com/15883-large_default/hobbit-alf-nervio-toro-20cm-para-perros.jpg
Hobbit alf nervio de toro 60-70cm para perro - Pack 10 unidades,44.99,https://www.petsonic.com/15884-large_default/hobbit-alf-nervio-toro-60-70cm-para-perros.jpg
Hobbit alf nervio de toro 60-70cm para perro - 1 Unidad.,5.99,https://www.petsonic.com/15884-large_default/hobbit-alf-nervio-toro-60-70cm-para-perros.jpg
Dimac cigarrillos colores de piel para perro - 100 unidades,5.19,https://www.petsonic.com/15885-large_default/dimac-cigarrillos-colores-piel-para-perros.jpg
Bravo snack de piel para perro - 4 Unidades*,9.44,https://www.petsonic.com/10104-large_default/bravo-snack-piel-para-perros.jpg
Bravo snack piel surtido para perro - 7 Unidades.,10.34,https://www.petsonic.com/10105-large_default/bravo-snack-piel-surtido-para-perros.jpg
Trixie palitos de piel para perro 100 unidades - Ø 9 a 10 mm,15.49,https://www.petsonic.com/14046-large_default/trixie-palitos-piel-100-unidades-para-perros.jpg
Trixie palitos de piel para perro 100 unidades - Ø 7 a 8 mm,9.49,https://www.petsonic.com/14046-large_default/trixie-palitos-piel-100-unidades-para-perros.jpg
Trixie palitos de piel para perro 100 unidades - Ø 5 a 6 mm,7.99,https://www.petsonic.com/14046-large_default/trixie-palitos-piel-100-unidades-para-perros.jpg
Hobbit alf tira de tendón para perro - 1 Unidad.,1.49,https://www.petsonic.com/14051-large_default/hobbit-alf-tira-tendon-para-perros.jpg
Hobbit alf tendón extra 20cm para perro - 1 Unidad.,1.59,https://www.petsonic.com/14052-large_default/hobbit-alf-tendon-extra-20cm-para-perros.jpg
Trixie huesos prensados de arroz para perro - 2 Unidades,2.19,https://www.petsonic.com/14053-large_default/trixie-huesos-prensados-arroz-para-perros.jpg
Trixie rollito de tripa relleno de yogur para perro - 100 Unidades,62.69,https://www.petsonic.com/14054-large_default/trixie-rollito-tripa-relleno-yogur-para-perros.jpg
Trixie snack-premio paté hígado - 110 Gr.,3.0,https://www.petsonic.com/14056-large_default/trixie-snack-premio-pate-higado-para-perros.jpg
Trixie snack paté de bacon para perro - 110 Gr.*,3.49,https://www.petsonic.com/14057-large_default/snack-pate-bacon-para-perro.jpg
Trixie snack paté de salmón para perro - 110 Gr.*,3.49,https://www.petsonic.com/14058-large_default/snack-pate-salmon-para-perro.jpg
Trixie snacks vitaminados sabor yogur para perro - 75 Gr.,1.37,https://www.petsonic.com/8411-large_default/trixie-snacks-vitaminados-sabor-yogur-para-perros.jpg
Trixie tableta chocolate para perros - 100 Gr.,1.34,https://www.petsonic.com/14059-large_default/trixie-tableta-chocolate-para-perros.jpg
Trixie tableta chocolate blanco para perros - 100 Gr.,1.49,https://www.petsonic.com/14060-large_default/trixie-tableta-chocolate-blanco-para-perros.jpg
Trixie snacks tiras de pollo deshidratado para perro - 100 Gr.,3.0,https://www.petsonic.com/8406-large_default/trixie-snacks-tiras-pollo-deshidratado-para-perros.jpg
Trixie snack pollo y merluza para perro - 75 Gr.,2.19,https://www.petsonic.com/12125-large_default/snack-pollo-merluza-para-perro.jpg
Trixie snacks crispy duck para perro - 100 Gr.,3.99,https://www.petsonic.com/12124-large_default/snacks-cripspy-duck-para-perro.jpg
Trixie snakcs pollo y plátano para perro - 100 Gr.,3.05,https://www.petsonic.com/12403-large_default/snakcs-pollo-platano-para-perro.jpg
Trixie snack pollo y queso para perro - 100 Gr.,2.99,https://www.petsonic.com/12404-large_default/snack-pollo-queso-para-perro.jpg
Trixie snacks bites pato para perro - 80 Gr,2.19,https://www.petsonic.com/12447-large_default/snacks-bites-pato-para-perro.jpg
Trixie snack pato y arroz para perro - 80 Gr,2.09,https://www.petsonic.com/12406-large_default/snack-pato-arroz-para-perro.jpg
Trixie snack pato para perro - 80 Gr,2.99,https://www.petsonic.com/12405-large_default/snack-pato-para-perro.jpg
Trixie snacks chickies pollo para perro - 100 Gr.,2.99,https://www.petsonic.com/15464-large_default/snacks-chickies-pollo-para-perro.jpg
Trixie snack happy stripes ternera para perro - 500 Gr.*,5.0,https://www.petsonic.com/13797-large_default/snack-happy-stripes-ternera-para-perro.jpg
Bravo huesos delibones para perro - 11 cm,3.49,https://www.petsonic.com/13301-large_default/huesos-delibones-para-perro.jpg
Bravo huesos delibones para perro - 7 cm,3.24,https://www.petsonic.com/13301-large_default/huesos-delibones-para-perro.jpg
Fish4dogs super star snacks adiestramiento para perro. - 75 Gr.,3.49,https://www.petsonic.com/14062-large_default/fish4dogs-super-star-snacks-adiestramiento-para-perros.jpg
Fish4dogs sea jerky tiras de piel de pescado deshidratado para perro - 100 Gr.,4.99,https://www.petsonic.com/14064-large_default/fish4dogs-sea-jerky-tiras-piel-pescado-deshidratado-para-perros.jpg
Fish4dogs sea wraps con bacalao y boniato para perro - 100 Gr.,3.99,https://www.petsonic.com/14126-large_default/fish4dogs-sea-wraps-bacalao-boniato-para-perros.jpg
Fish4dogs sea jerky trenzas de pescado deshidratado para perro - 100 Gr.,4.31,https://www.petsonic.com/14067-large_default/fish4dogs-sea-jerky-trenzas-pescado-deshidratado-para-perros.jpg
Fish4dogs sea jerky tacos de pescado deshidratado para perro - 500 Gr.*,14.89,https://www.petsonic.com/14074-large_default/fish4dogs-sea-jerky-tacos-pescado-deshidratado-para-perros.jpg
Fish4dogs sea jerky tacos de pescado deshidratado para perro - 100 Gr.,3.14,https://www.petsonic.com/14074-large_default/fish4dogs-sea-jerky-tacos-pescado-deshidratado-para-perros.jpg
Fish4dogs sea jerky taquitos de pescado pequeños deshidratados para perro - 100 Gr.,3.32,https://www.petsonic.com/14071-large_default/fish4dogs-sea-jerky-taquitos-pescado-pequenos-deshidratados-para-perros.jpg
Fish4dogs sea jerky huesos de piel de pescado deshidratada para perro - 100 Gr.,3.56,https://www.petsonic.com/14076-large_default/fish4dogs-sea-jerky-huesos-piel-pescado-deshidratada-para-perros.jpg
Fish4dogs sea biscuits tiddlers  para perros - 100 Gr.,3.84,https://www.petsonic.com/14078-large_default/fish4dogs-sea-biscuits-tiddlers-para-perros.jpg
Fish4dogs snack icelandic fish cubes para perros - 100 Gr.,4.99,https://www.petsonic.com/12970-large_default/snack-icelandic-fish-cubes-para-perros.jpg
Fish4dogs bocados de calamar - 75 Gr.,4.59,https://www.petsonic.com/10090-large_default/fish4dogs-bocados-calamar-para-perros.jpg
Fish4dogs anillas de calamar - 75 Gr.,4.99,https://www.petsonic.com/10089-large_default/fish4dogs-anillas-calamar-para-perros.jpg
Naturea galletas con frutas del bosque para perro - 230 Gr.,3.0,https://www.petsonic.com/18719-large_default/naturea-galletas-frutas-bosque-para-perros.jpg
Naturea galletas de manzana y canela para perro - 230 Gr.,3.0,https://www.petsonic.com/18720-large_default/naturea-galletas-manzana-canela-para-perros.jpg
Naturea galletas con tomate aceite de oliva y queso parmesano para perro - 230 Gr.,5.52,https://www.petsonic.com/18721-large_default/naturea-galletas-tomate-aceite-oliva-queso-parmesano-para-perros.jpg
Naturea galletas con pato y moras para perro - 230 Gr.,3.0,https://www.petsonic.com/18722-large_default/naturea-galletas-pato-moras-para-perros.jpg
Naturea galletas con yogurt y miel para perro - 230 Gr.,5.19,https://www.petsonic.com/18723-large_default/naturea-galletas-yogurt-miel-para-perros.jpg
Naturea galletas con pescado aceite de oliva y hierbas aromáticas para perro - 230 Gr.,5.28,https://www.petsonic.com/18724-large_default/naturea-galletas-pescado-aceite-oliva-hierbas-aromaticas-para-perros.jpg
Hobbit alf galletas puppy para perro - 430 gr,2.84,https://www.petsonic.com/14110-large_default/hobbit-alf-galletas-puppy-para-perros.jpg
Hobbit alf galletas puppy para perro - 200 Gr.,1.79,https://www.petsonic.com/14110-large_default/hobbit-alf-galletas-puppy-para-perros.jpg
Hobbit alf galletas puppy para perro - 100 Gr.,0.89,https://www.petsonic.com/14110-large_default/hobbit-alf-galletas-puppy-para-perros.jpg
Hobbit alf galletas granja para perro - 4 Kg.,17.99,https://www.petsonic.com/14111-large_default/hobbit-alf-galletas-granja-para-perros.jpg
Hobbit alf galletas granja para perro - 430 gr,2.81,https://www.petsonic.com/14111-large_default/hobbit-alf-galletas-granja-para-perros.jpg
Hobbit alf galletas granja para perro - 200 Gr.,1.79,https://www.petsonic.com/14111-large_default/hobbit-alf-galletas-granja-para-perros.jpg
Hobbit alf galleta croqueta queso y pollo para perro - 430 gr,2.99,https://www.petsonic.com/14114-large_default/hobbit-alf-galleta-croqueta-queso-pollo-para-perros.jpg
Hobbit alf galletas alfito de carne para perro - 430 gr,2.99,https://www.petsonic.com/14112-large_default/hobbit-alf-galletas-alfito-carne-para-perros.jpg
Hobbit alf galleta happy happer mix para perros - 5 Kg *,20.99,https://www.petsonic.com/14116-large_default/hobbit-alf-galleta-happy-happer-mix-para-perros.jpg
Hobbit alf galletas jumbo mini mix para perro - 430 gr,2.69,https://www.petsonic.com/14115-large_default/hobbit-alf-galletas-jumbo-mini-mix-para-perros.jpg
Kong pasta easy treat para cachorros - 0.236 L,5.55,https://www.petsonic.com/13277-large_default/kong-pasta-easy-treat-para-cachorros-para-perros.jpg
Kong pasta easy treat para perro - 0.236 L,5.56,https://www.petsonic.com/13278-large_default/kong-pasta-easy-treat-para-perros.jpg
Kong galletas para cachorro - 300 Gr.,4.99,https://www.petsonic.com/15889-large_default/kong-galletas-para-cachorro-para-perros.jpg
Kong galletas sabor hígado para perros pequeños - 200 Gr.,4.49,https://www.petsonic.com/14118-large_default/kong-galletas-sabor-higado-pequenos-para-perros.jpg
Kong galletas para perro - 300 Gr.,5.5,https://www.petsonic.com/14119-large_default/kong-galletas-para-perros.jpg
Purina pro plan delibakie biscotti - 270 Gr,2.49,https://www.petsonic.com/14121-large_default/purina-pro-plan-delibakie-biscotti-para-perros.jpg
Purina pro plan delibakie biscotti - 90 Gr,0.99,https://www.petsonic.com/14121-large_default/purina-pro-plan-delibakie-biscotti-para-perros.jpg
Purina pro plan delibakie hearts - 350 Gr.,1.73,https://www.petsonic.com/14123-large_default/purina-pro-plan-delibakie-hearts-para-perros.jpg
Purina pro plan delibakie hearts - 100 Gr.,1.09,https://www.petsonic.com/14123-large_default/purina-pro-plan-delibakie-hearts-para-perros.jpg
Purina pro plan delibakie rolls - 100 Gr.,0.99,https://www.petsonic.com/14125-large_default/purina-pro-plan-delibakie-rolls-para-perros.jpg
Purina pro plan adventuros mini sticks de búfalo - Pack 6 sobres de 90gr,6.3,https://www.petsonic.com/14127-large_default/purina-pro-plan-adventuros-mini-sticks-bufalo-para-perros.jpg
Purina pro plan adventuros mini sticks de búfalo - 90 Gr,0.95,https://www.petsonic.com/14127-large_default/purina-pro-plan-adventuros-mini-sticks-bufalo-para-perros.jpg
Purina pro plan adventuros strips venado - Pack 6 sobres de 90gr,6.3,https://www.petsonic.com/14128-large_default/purina-pro-plan-adventuros-strips-venado-para-perros.jpg
Purina pro plan adventuros strips venado - 90 Gr,0.95,https://www.petsonic.com/14128-large_default/purina-pro-plan-adventuros-strips-venado-para-perros.jpg
Purina pro plan adventuros nuggets jabalí - Pack 6 sobres de 90gr,6.99,https://www.petsonic.com/14129-large_default/purina-pro-plan-adventuros-nuggets-jabali-para-perros.jpg
Purina pro plan adventuros nuggets jabalí - 90 Gr,1.29,https://www.petsonic.com/14129-large_default/purina-pro-plan-adventuros-nuggets-jabali-para-perros.jpg
Purina pro plan adventuros sticks de búfalo - Packs 6 sobres de 120 gr,6.3,https://www.petsonic.com/14130-large_default/purina-pro-plan-adventuros-sticks-bufalo-para-perros.jpg
Purina pro plan adventuros sticks de búfalo - 120 gr,1.19,https://www.petsonic.com/14130-large_default/purina-pro-plan-adventuros-sticks-bufalo-para-perros.jpg
Hill's ideal balance  ib snack pollo y manzana - 1 x 6 sobres 227 gr,18.99,https://www.petsonic.com/17227-large_default/hill-s-ideal-balance-ib-snack-pollo-manzana-para-perros.jpg
Hill's ideal balance  ib snack pollo y manzana - 1 Sobre 227 gr,3.49,https://www.petsonic.com/17227-large_default/hill-s-ideal-balance-ib-snack-pollo-manzana-para-perros.jpg
Purina pro plan biscuits dental bar 150gr. - 6 Unidades.*,16.5,https://www.petsonic.com/13407-large_default/purina-pro-plan-biscuits-dental-bar-150gr-para-perros.jpg
Purina pro plan biscuits dental bar 150gr. - 1 Unidad.,2.8,https://www.petsonic.com/13407-large_default/purina-pro-plan-biscuits-dental-bar-150gr-para-perros.jpg
Purina pro plan biscuits light 400gr. - 4 Unidades*,11.99,https://www.petsonic.com/13408-large_default/purina-pro-plan-biscuits-light-400gr-para-perros.jpg
Purina pro plan biscuits light 400gr. - 1 Unidad.,2.99,https://www.petsonic.com/13408-large_default/purina-pro-plan-biscuits-light-400gr-para-perros.jpg
Acana treat free run duck 35 gr - 1 Unidad.,4.49,https://www.petsonic.com/13837-large_default/treat-free-run-duck-35-gr.jpg
Acana treat grass-fed lamb 35 gr - 1 Unidad.,4.59,https://www.petsonic.com/13838-large_default/treat-grass-fed-lamb-35-gr.jpg
Acana treats pacific pilchard 35 gr - 1 Unidad.,4.99,https://www.petsonic.com/13839-large_default/treats-pacific-pilchard-35-gr.jpg
Acana treat yorkshire pork 35 gr - 1 Unidad.,4.74,https://www.petsonic.com/13840-large_default/treat-yorkshire-pork-35-gr.jpg
Orijen treat free run duck 42.5 gr - 6 Unidades.*,34.99,https://www.petsonic.com/12700-large_default/orijen-treat-free-run-duck-42-5-gr-para-perros.jpg
Orijen treat free run duck 42.5 gr - 1 Unidad.,6.29,https://www.petsonic.com/12700-large_default/orijen-treat-free-run-duck-42-5-gr-para-perros.jpg
Orijen regional treats 42.5 gr - 6 Unidades.*,32.99,https://www.petsonic.com/13414-large_default/regional-treats-42-5-gr.jpg
Orijen regional treats 42.5 gr - 1 Unidad.,5.49,https://www.petsonic.com/13414-large_default/regional-treats-42-5-gr.jpg
Orijen treats ranch raised lamb 56gr. - 6 Unidades.*,30.99,https://www.petsonic.com/9781-large_default/orijen-treats-ranch-raised-lamb-56gr-para-perros.jpg
Orijen treats ranch raised lamb 56gr. - 1 Unidad.,5.29,https://www.petsonic.com/9781-large_default/orijen-treats-ranch-raised-lamb-56gr-para-perros.jpg
Affinity advance puppy snack - 1 x 7 packs de 150 gr,11.99,https://www.petsonic.com/18854-large_default/affinity-advance-puppy-snack-para-perros.jpg
Affinity advance puppy snack - 150 Gr.,2.69,https://www.petsonic.com/18854-large_default/affinity-advance-puppy-snack-para-perros.jpg
Affinity advance dental care stick mini - 28 Unidades,7.16,https://www.petsonic.com/18855-large_default/affinity-advance-dental-care-stick-mini-para-perros.jpg
Affinity advance dental care stick mini - 7 Unidades.,2.24,https://www.petsonic.com/18855-large_default/affinity-advance-dental-care-stick-mini-para-perros.jpg
Affinity advance dental care stick medium - 28 Unidades,8.96,https://www.petsonic.com/18858-large_default/affinity-advance-dental-care-stick-medium-para-perros.jpg
Affinity advance dental care stick medium - 7 Unidades.,2.69,https://www.petsonic.com/18858-large_default/affinity-advance-dental-care-stick-medium-para-perros.jpg
Affinity advance hypoallergenic snack - 1 x 7 packs de 150 gr,10.99,https://www.petsonic.com/18860-large_default/affinity-advance-hypoallergenic-snack-para-perros.jpg
Affinity advance hypoallergenic snack - 150 Gr.*,2.69,https://www.petsonic.com/18860-large_default/affinity-advance-hypoallergenic-snack-para-perros.jpg
Affinity advance appetite control snack - 1 x 7 packs de 150 gr,11.5,https://www.petsonic.com/18862-large_default/affinity-advance-appetite-control-snack-para-perros.jpg
Affinity advance appetite control snack - 150 Gr.,2.69,https://www.petsonic.com/18862-large_default/affinity-advance-appetite-control-snack-para-perros.jpg
Affinity advance articular snack - 1 x 14 packs de 155 gr,20.99,https://www.petsonic.com/18859-large_default/affinity-advance-articular-snack-para-perros.jpg
Affinity advance articular snack - 150 Gr.*,2.69,https://www.petsonic.com/18859-large_default/affinity-advance-articular-snack-para-perros.jpg
Affinity advance sensitive snack - 1 x 7 packs de 150 gr,14.99,https://www.petsonic.com/18863-large_default/sensitive-snack.jpg
Affinity advance sensitive snack - 150 Gr.*,2.69,https://www.petsonic.com/18863-large_default/sensitive-snack.jpg
Bayer limpiador dental masticable para perros - 140 gr,6.95,https://www.petsonic.com/15895-large_default/bayer-limpiador-dental-masticable-para-perros.jpg
Divasa plaque off croq para perro - 150 Gr.*,8.39,https://www.petsonic.com/11673-large_default/divsa-plaque-off-croq-para-perro.jpg
Divasa plaque off croq para perro - 60 Gr.,7.99,https://www.petsonic.com/11673-large_default/divsa-plaque-off-croq-para-perro.jpg
Purina pro plan snack dentalife para perro x-small - 21 unidades,4.99,https://www.petsonic.com/15574-large_default/snack-dentalife-para-perro-x-small.jpg
Purina pro plan snack dentalife para perro x-small - 7 Unidades.,1.99,https://www.petsonic.com/15574-large_default/snack-dentalife-para-perro-x-small.jpg
Purina pro plan snack dentalife para perros mini - 21 unidades,3.99,https://www.petsonic.com/11184-large_default/purina-pro-plan-snack-dentalife-mini-para-perros.jpg
Purina pro plan snack dentalife para perros mini - 7 Unidades.,1.69,https://www.petsonic.com/11184-large_default/purina-pro-plan-snack-dentalife-mini-para-perros.jpg
Purina pro plan snack dentalife para perros medianos - 15 Unidades.,3.99,https://www.petsonic.com/11186-large_default/purina-pro-plan-snack-dentalife-medianos-para-perros.jpg
Purina pro plan snack dentalife para perros medianos - 5 Unidades.,1.69,https://www.petsonic.com/11186-large_default/purina-pro-plan-snack-dentalife-medianos-para-perros.jpg
Purina pro plan snack dentalife para perros grandes - 12 Unidades.*,4.23,https://www.petsonic.com/11188-large_default/purina-pro-plan-snack-dentalife-grandes-para-perros.jpg
Purina pro plan snack dentalife para perros grandes - 4 Unidades*,1.89,https://www.petsonic.com/11188-large_default/purina-pro-plan-snack-dentalife-grandes-para-perros.jpg
Pedigree dentastix 5-10 kg sticks dentales - Caja 28 barritas(7x4),5.99,https://www.petsonic.com/10752-large_default/pedigree-dentastix-5-10-kg-sticks-dentales-para-perros.jpg
Pedigree dentastix 5-10 kg sticks dentales - 7 barritas,1.59,https://www.petsonic.com/10752-large_default/pedigree-dentastix-5-10-kg-sticks-dentales-para-perros.jpg
Pedigree dentastix 10-25kg sticks dentales - Caja 28 barritas(7x4),9.89,https://www.petsonic.com/10753-large_default/pedigree-dentastix-10-25kg-sticks-dentales-para-perros.jpg
Pedigree dentastix 10-25kg sticks dentales - 7 barritas,2.49,https://www.petsonic.com/10753-large_default/pedigree-dentastix-10-25kg-sticks-dentales-para-perros.jpg
Pedigree sticks pedigree dentastix +25 kg - Caja 28 barritas(7x4),9.89,https://www.petsonic.com/8480-large_default/pedigree-dentastix-25-kg-para-perros.jpg
Pedigree sticks pedigree dentastix +25 kg - 7 Unidades.,3.49,https://www.petsonic.com/8480-large_default/pedigree-dentastix-25-kg-para-perros.jpg
Greenies petite - 2x 20 Unidades (680 GR),22.8,https://www.petsonic.com/18832-large_default/greenies-petite-para-perros.jpg
Greenies petite - 20 Unidades (340 GR),11.63,https://www.petsonic.com/18832-large_default/greenies-petite-para-perros.jpg
Greenies petite - 10 Unidades (170 GR),6.24,https://www.petsonic.com/18832-large_default/greenies-petite-para-perros.jpg
Greenies teenie - 2x 43 Unidades (680 GR),22.8,https://www.petsonic.com/18835-large_default/greenies-teenie-para-perros.jpg
Greenies teenie - 43 Unidades (340 GR),11.63,https://www.petsonic.com/18835-large_default/greenies-teenie-para-perros.jpg
Greenies teenie - 22 Unidades (170 GR),7.95,https://www.petsonic.com/18835-large_default/greenies-teenie-para-perros.jpg
Greenies large - 5x 4 Unidades (850 GR),37.95,https://www.petsonic.com/14141-large_default/greenies-large-para-perros.jpg
Greenies large - 2x 4 Unidades (340 GR),15.66,https://www.petsonic.com/14141-large_default/greenies-large-para-perros.jpg
Greenies large - 4 Unidades (170 GR),7.99,https://www.petsonic.com/14141-large_default/greenies-large-para-perros.jpg
Greenies regular - 2x 12 Unidades (680 GR),22.8,https://www.petsonic.com/18837-large_default/greenies-regular-para-perros.jpg
Greenies regular - 12 Unidades (340 GR),11.63,https://www.petsonic.com/18837-large_default/greenies-regular-para-perros.jpg
Greenies regular - 6 Unidades (170 GR),6.3,https://www.petsonic.com/18837-large_default/greenies-regular-para-perros.jpg
King bone hueso piel con carne de pollo para perro - 11 cm,2.35,https://www.petsonic.com/11053-large_default/nayeco-hueso-piel-carne-pollo-para-perros.jpg
King bone hueso piel con carne de pollo para perro - 6 cm*,2.49,https://www.petsonic.com/11053-large_default/nayeco-hueso-piel-carne-pollo-para-perros.jpg
King bone hueso piel carne de salmón para perro - 11 cm,2.99,https://www.petsonic.com/11052-large_default/nayeco-hueso-piel-carne-salmon-para-perros.jpg
King bone hueso piel carne de salmón para perro - 6 cm*,2.62,https://www.petsonic.com/11052-large_default/nayeco-hueso-piel-carne-salmon-para-perros.jpg
Hobbit alf stick con carne de pollo para perro - 100 Gr.,2.99,https://www.petsonic.com/11059-large_default/hobbit-alf-stick-carne-pollo-para-perros.jpg
Hobbit alf stick talla xxl con carne de pollo para perro - 130 gr,3.0,https://www.petsonic.com/11060-large_default/hobbit-alf-stick-talla-xxl-carne-pollo-para-perros.jpg
Bravo caja con rollos de piel deshidratada para perro - 3 Unidades.,9.99,https://www.petsonic.com/10672-large_default/bravo-caja-rollos-piel-deshidratada-para-perro.jpg
Vetnova glyco-flex l snacks para perro - 120 Comprimidos,57.9,https://www.petsonic.com/11857-large_default/glyco-flex-l-snacks-para-perro.jpg
Vetnova glyco-flex ll snacks para perro - 120 Comprimidos,62.51,https://www.petsonic.com/11858-large_default/vetnova-glyco-flex-ll-snacks-para-perro.jpg
Vetnova glyco-flex ll snacks para perro - 60 Comprimidos,39.49,https://www.petsonic.com/11858-large_default/vetnova-glyco-flex-ll-snacks-para-perro.jpg
Vetnova glyco-flex ll snacks para gatos y perros pequeños - 60 Comprimidos,33.45,https://www.petsonic.com/11859-large_default/vetnova-glyco-flex-l-snacks-para-gatos-y-perros-pequenos.jpg
Vetnova glyco-flex lll snacks para perro - 120 Comprimidos,86.4,https://www.petsonic.com/11863-large_default/vetnova-glyco-flex-lll-snacks-para-perro.jpg
Vetnova glyco-flex lll snacks para perro - 60 Comprimidos,50.78,https://www.petsonic.com/11863-large_default/vetnova-glyco-flex-lll-snacks-para-perro.jpg
Vetnova glyco-flex lll snacks para perro - 30 Comprimidos,30.59,https://www.petsonic.com/11863-large_default/vetnova-glyco-flex-lll-snacks-para-perro.jpg
Vetnova glyco-flex lll snacks para perro mini - 60 Comprimidos,35.49,https://www.petsonic.com/11862-large_default/vetnova-glyco-flex-lll-snacks-para-perro-mini.jpg
Vetnova multiva active para perro - 45 Comprimidos,17.79,https://www.petsonic.com/11868-large_default/vetnova-multiva-active-para-perro.jpg
Vetnova multiva calming para gatos y perros pequeños - 21 Comprimidos,10.4,https://www.petsonic.com/11869-large_default/vetnoca-multiva-calming-para-gato-y-perros-pequenos.jpg
Vetnova multiva calming para perros medianos y grandes - 21 Comprimidos,17.54,https://www.petsonic.com/11870-large_default/vetnova-multiva-calming-para-perros-medianos-y-grandes.jpg
Vetnova multiva motion para perro - 60 Comprimidos,17.79,https://www.petsonic.com/11872-large_default/vetnova-multiva-motion-para-perro.jpg
Vetnova cutania snacks para perro - 60 Unidades.,33.49,https://www.petsonic.com/13252-large_default/vetnova-cutania-snacks-para-perros-gatos.jpg
Vetnova cutania snacks para perro mini y gato - 60 Comprimidos,20.99,https://www.petsonic.com/13253-large_default/cutania-snacks-para-perro-mini-gato.jpg
Specific snack healthy treats mini para perro - 1 unidad de 300gr,2.45,https://www.petsonic.com/14914-large_default/snack-healthy-treats-mini-para-perro.jpg
Specific snack healthy treats para perro - 1 unidad de 300gr,2.7,https://www.petsonic.com/14915-large_default/snack-healthy-treats-para-perro.jpg
Specific snack healthy treats hypoallergenic para perro - 1 unidad de 300gr,3.0,https://www.petsonic.com/14916-large_default/snack-healthy-treats-hypoallergenic-para-perro.jpg
Churpi snack churpi original pequeño para perro - 4 Unidades*,13.86,https://www.petsonic.com/16946-large_default/snack-churpi-original-pequeno-para-perro.jpg
Churpi snack churpi original mediano para perro - 2 Unidades,16.95,https://www.petsonic.com/16947-large_default/snack-churpi-original-mediano-para-perro.jpg
Churpi snack churpi original grande para perro - 1 Unidad.,13.87,https://www.petsonic.com/16948-large_default/snack-churpi-original-grande-para-perro.jpg
Churpi snack churpi original pocket para perro - 50 Gr.,5.33,https://www.petsonic.com/16949-large_default/snack-churpi-original-pocket-para-perro.jpg
Churpi snack churpi puffies para perro - 70 Gr,10.14,https://www.petsonic.com/16950-large_default/snack-churpi-puffies-para-perro.jpg
Churpi snack churpi puffies bars para perro - 70 Gr,10.14,https://www.petsonic.com/16951-large_default/snack-churpi-puffies-bars-para-perro.jpg
Churpi snack churpi crunchies para perro - 70 Gr,10.15,https://www.petsonic.com/16952-large_default/snack-churpi-crunchies-para-perro.jpg
Trixie serpiente para snacks de caucho termoplástico - 42 cm,6.76,https://www.petsonic.com/17062-large_default/trixie-serpiente-para-snacks-caucho-termoplastico.jpg
Virbac veggiedent fresh para perro - L,7.99,https://www.petsonic.com/17253-large_default/virbac-veggiedent-fresh-para-perro.jpg
Virbac veggiedent fresh para perro - M,7.99,https://www.petsonic.com/17253-large_default/virbac-veggiedent-fresh-para-perro.jpg
Virbac veggiedent fresh para perro - S,5.99,https://www.petsonic.com/17253-large_default/virbac-veggiedent-fresh-para-perro.jpg
Virbac veggiedent fresh para perro - XS,5.99,https://www.petsonic.com/17253-large_default/virbac-veggiedent-fresh-para-perro.jpg
Biozoo nervio de buey de 12cm para perro - 50 Unidades.,1.09,https://www.petsonic.com/17105-large_default/biozoo-nervio-buey-12cm-para-perro.jpg
Arquivet huesitos de pollo para perro - 300 Gr.*,4.19,https://www.petsonic.com/17579-large_default/arquivet-huesitos-pollo-para-perro.jpg
Arquivet huesitos de pollo para perro - 100 Gr.,1.59,https://www.petsonic.com/17579-large_default/arquivet-huesitos-pollo-para-perro.jpg
Arquivet filete de pollo para perro - 100 Gr.,2.42,https://www.petsonic.com/17581-large_default/arquivet-filete-pollo.jpg
Arquivet huesitos de pato para perro - 300 Gr.*,3.19,https://www.petsonic.com/17593-large_default/arquivet-huesitos-pato-para-perro.jpg
Arquivet huesitos de pato para perro - 100 Gr.,1.59,https://www.petsonic.com/17593-large_default/arquivet-huesitos-pato-para-perro.jpg
Arquivet filete de pato para perro - 100 Gr.,2.67,https://www.petsonic.com/17595-large_default/filete-pato.jpg
Arquivet sticks de cordero para perro - 8 unidades,1.29,https://www.petsonic.com/17599-large_default/arquivet-sticks-cordero-para-perro.jpg
Arquivet tiras de pollo y pescado para perro - 100 Gr.,2.12,https://www.petsonic.com/17605-large_default/tiras-pollo-pescado-para-perro.jpg
Arquivet sticks de pescado para perro - 8 unidades,1.29,https://www.petsonic.com/17607-large_default/arquivet-sticks-pescado-para-perro.jpg
Arquivet twist con pollo enrollado / 13 cm para perro - 100 Gr.,3.19,https://www.petsonic.com/17609-large_default/twist-pollo-enrollado-13-cm-para-perro.jpg
Arquivet barritas de salmón con piel para perro - 100 Gr.,2.99,https://www.petsonic.com/17616-large_default/barritas-salmon-piel-para-perro.jpg
Arquivet pescadito seco para perro - 100 Gr.,2.39,https://www.petsonic.com/17589-large_default/pescadito-seco-para-perro.jpg
Arquivet soft snacks mini huesitos mix para perro - 800 Gr.,6.88,https://www.petsonic.com/17639-large_default/soft-snacks-mini-huesitos-mix-para-perro.jpg
Arquivet soft snacks mini huesitos mix para perro - 300 Gr.*,2.78,https://www.petsonic.com/17639-large_default/soft-snacks-mini-huesitos-mix-para-perro.jpg
Arquivet soft snacks mini huesitos mix para perro - 100 Gr.,1.34,https://www.petsonic.com/17639-large_default/soft-snacks-mini-huesitos-mix-para-perro.jpg
Arquivet soft snacks huesitos de salmón para perro - 800 Gr.,5.98,https://www.petsonic.com/17641-large_default/soft-snacks-huesitos-salmon-para-perro.jpg
Arquivet soft snacks huesitos de salmón para perro - 300 Gr.*,3.07,https://www.petsonic.com/17641-large_default/soft-snacks-huesitos-salmon-para-perro.jpg
Arquivet soft snacks huesitos de salmón para perro - 100 Gr.,1.29,https://www.petsonic.com/17641-large_default/soft-snacks-huesitos-salmon-para-perro.jpg
Biozoo hueso salmón 12 cm - 12 cm,0.83,https://www.petsonic.com/17808-large_default/biozoo-hueso-salmon-12-cm-para-perros.jpg
Nayeco galletas mini duo para perro - 1 Kg.,5.45,https://www.petsonic.com/17919-large_default/nayeco-galletas-mini-duo.jpg
Hobbit alf orejas de liebre para perro - 3 Unidades.,1.35,https://www.petsonic.com/18063-large_default/hobbit-alf-orejas-liebre-para-perro.jpg
Natural horn asta de ciervo natural puppy & senior - M,6.86,https://www.petsonic.com/18064-large_default/natural-horn-asta-ciervo-natural-puppy-senior.jpg
Natural horn asta de ciervo natural puppy & senior - S,5.49,https://www.petsonic.com/18064-large_default/natural-horn-asta-ciervo-natural-puppy-senior.jpg
